id,time,inference_of_emotion
1,09:00:00,happy
2,09:00:10,disgust
3,09:00:20,angry
4,09:00:30,disgust
5,09:00:40,neutral
6,09:00:50,happy
7,09:01:00,happy
8,09:01:10,neutral
9,09:01:20,disgust
10,09:01:30,disgust
11,09:01:40,disgust
12,09:01:50,disgust
13,09:02:00,disgust
14,09:02:10,neutral
15,09:02:20,neutral
16,09:02:30,sad
17,09:02:40,disgust
18,09:02:50,disgust
19,09:03:00,disgust
20,09:03:10,sad
21,09:03:20,neutral
22,09:03:30,disgust
23,09:03:40,sad
24,09:03:50,happy
25,09:04:00,neutral
26,09:04:10,sad
27,09:04:20,disgust
28,09:04:30,sad
29,09:04:40,disgust
30,09:04:50,disgust
31,09:05:00,happy
32,09:05:10,happy
33,09:05:20,angry
34,09:05:30,neutral
35,09:05:40,sad
36,09:05:50,disgust
37,09:06:00,happy
38,09:06:10,happy
39,09:06:20,happy
40,09:06:30,neutral
41,09:06:40,sad
42,09:06:50,sad
43,09:07:00,sad
44,09:07:10,sad
45,09:07:20,happy
46,09:07:30,disgust
47,09:07:40,disgust
48,09:07:50,disgust
49,09:08:00,sad
50,09:08:10,neutral
51,09:08:20,angry
52,09:08:30,disgust
53,09:08:40,angry
54,09:08:50,disgust
55,09:09:00,neutral
56,09:09:10,sad
57,09:09:20,happy
58,09:09:30,sad
59,09:09:40,angry
60,09:09:50,neutral
61,09:10:00,disgust
62,09:10:10,sad
63,09:10:20,neutral
64,09:10:30,happy
65,09:10:40,happy
66,09:10:50,neutral
67,09:11:00,disgust
68,09:11:10,neutral
69,09:11:20,angry
70,09:11:30,disgust
71,09:11:40,sad
72,09:11:50,angry
73,09:12:00,neutral
74,09:12:10,neutral
75,09:12:20,neutral
76,09:12:30,angry
77,09:12:40,disgust
78,09:12:50,sad
79,09:13:00,angry
80,09:13:10,sad
81,09:13:20,disgust
82,09:13:30,sad
83,09:13:40,neutral
84,09:13:50,angry
85,09:14:00,sad
86,09:14:10,disgust
87,09:14:20,disgust
88,09:14:30,disgust
89,09:14:40,angry
90,09:14:50,disgust
91,09:15:00,disgust
92,09:15:10,sad
93,09:15:20,happy
94,09:15:30,happy
95,09:15:40,neutral
96,09:15:50,angry
97,09:16:00,disgust
98,09:16:10,disgust
99,09:16:20,happy
100,09:16:30,sad
101,09:16:40,disgust
102,09:16:50,happy
103,09:17:00,disgust
104,09:17:10,sad
105,09:17:20,happy
106,09:17:30,angry
107,09:17:40,happy
108,09:17:50,happy
109,09:18:00,disgust
110,09:18:10,neutral
111,09:18:20,angry
112,09:18:30,disgust
113,09:18:40,neutral
114,09:18:50,angry
115,09:19:00,sad
116,09:19:10,disgust
117,09:19:20,sad
118,09:19:30,happy
119,09:19:40,happy
120,09:19:50,happy
121,09:20:00,angry
122,09:20:10,disgust
123,09:20:20,neutral
124,09:20:30,disgust
125,09:20:40,sad
126,09:20:50,neutral
127,09:21:00,disgust
128,09:21:10,angry
129,09:21:20,sad
130,09:21:30,sad
131,09:21:40,disgust
132,09:21:50,sad
133,09:22:00,neutral
134,09:22:10,angry
135,09:22:20,neutral
136,09:22:30,neutral
137,09:22:40,angry
138,09:22:50,sad
139,09:23:00,angry
140,09:23:10,sad
141,09:23:20,sad
142,09:23:30,disgust
143,09:23:40,disgust
144,09:23:50,disgust
145,09:24:00,angry
146,09:24:10,disgust
147,09:24:20,neutral
148,09:24:30,happy
149,09:24:40,neutral
150,09:24:50,neutral
151,09:25:00,happy
152,09:25:10,angry
153,09:25:20,angry
154,09:25:30,sad
155,09:25:40,angry
156,09:25:50,angry
157,09:26:00,happy
158,09:26:10,angry
159,09:26:20,sad
160,09:26:30,angry
161,09:26:40,happy
162,09:26:50,angry
163,09:27:00,disgust
164,09:27:10,happy
165,09:27:20,disgust
166,09:27:30,neutral
167,09:27:40,disgust
168,09:27:50,neutral
169,09:28:00,angry
170,09:28:10,neutral
171,09:28:20,disgust
172,09:28:30,disgust
173,09:28:40,angry
174,09:28:50,angry
175,09:29:00,neutral
176,09:29:10,angry
177,09:29:20,happy
178,09:29:30,disgust
179,09:29:40,angry
180,09:29:50,happy
181,09:30:00,neutral
182,09:30:10,angry
183,09:30:20,disgust
184,09:30:30,disgust
185,09:30:40,disgust
186,09:30:50,happy
187,09:31:00,disgust
188,09:31:10,neutral
189,09:31:20,neutral
190,09:31:30,happy
191,09:31:40,sad
192,09:31:50,angry
193,09:32:00,happy
194,09:32:10,sad
195,09:32:20,angry
196,09:32:30,disgust
197,09:32:40,happy
198,09:32:50,happy
199,09:33:00,angry
200,09:33:10,neutral
201,09:33:20,happy
202,09:33:30,angry
203,09:33:40,disgust
204,09:33:50,disgust
205,09:34:00,sad
206,09:34:10,happy
207,09:34:20,happy
208,09:34:30,angry
209,09:34:40,disgust
210,09:34:50,disgust
211,09:35:00,disgust
212,09:35:10,disgust
213,09:35:20,neutral
214,09:35:30,happy
215,09:35:40,sad
216,09:35:50,sad
217,09:36:00,neutral
218,09:36:10,disgust
219,09:36:20,angry
220,09:36:30,sad
221,09:36:40,sad
222,09:36:50,angry
223,09:37:00,happy
224,09:37:10,angry
225,09:37:20,happy
226,09:37:30,happy
227,09:37:40,happy
228,09:37:50,neutral
229,09:38:00,disgust
230,09:38:10,sad
231,09:38:20,angry
232,09:38:30,neutral
233,09:38:40,sad
234,09:38:50,angry
235,09:39:00,happy
236,09:39:10,happy
237,09:39:20,happy
238,09:39:30,neutral
239,09:39:40,neutral
240,09:39:50,neutral
241,09:40:00,disgust
242,09:40:10,disgust
243,09:40:20,neutral
244,09:40:30,neutral
245,09:40:40,disgust
246,09:40:50,sad
247,09:41:00,angry
248,09:41:10,happy
249,09:41:20,angry
250,09:41:30,happy
251,09:41:40,angry
252,09:41:50,neutral
253,09:42:00,neutral
254,09:42:10,angry
255,09:42:20,neutral
256,09:42:30,happy
257,09:42:40,sad
258,09:42:50,disgust
259,09:43:00,sad
260,09:43:10,angry
261,09:43:20,neutral
262,09:43:30,neutral
263,09:43:40,angry
264,09:43:50,sad
265,09:44:00,disgust
266,09:44:10,sad
267,09:44:20,happy
268,09:44:30,happy
269,09:44:40,sad
270,09:44:50,neutral
271,09:45:00,neutral
272,09:45:10,happy
273,09:45:20,disgust
274,09:45:30,sad
275,09:45:40,neutral
276,09:45:50,disgust
277,09:46:00,disgust
278,09:46:10,sad
279,09:46:20,neutral
280,09:46:30,disgust
281,09:46:40,neutral
282,09:46:50,sad
283,09:47:00,neutral
284,09:47:10,neutral
285,09:47:20,neutral
286,09:47:30,sad
287,09:47:40,angry
288,09:47:50,happy
289,09:48:00,sad
290,09:48:10,disgust
291,09:48:20,disgust
292,09:48:30,disgust
293,09:48:40,happy
294,09:48:50,neutral
295,09:49:00,angry
296,09:49:10,happy
297,09:49:20,sad
298,09:49:30,angry
299,09:49:40,sad
300,09:49:50,neutral
301,09:50:00,disgust
302,09:50:10,angry
303,09:50:20,angry
304,09:50:30,neutral
305,09:50:40,sad
306,09:50:50,disgust
307,09:51:00,sad
308,09:51:10,neutral
309,09:51:20,happy
310,09:51:30,disgust
311,09:51:40,sad
312,09:51:50,neutral
313,09:52:00,disgust
314,09:52:10,disgust
315,09:52:20,disgust
316,09:52:30,sad
317,09:52:40,sad
318,09:52:50,happy
319,09:53:00,sad
320,09:53:10,happy
321,09:53:20,sad
322,09:53:30,disgust
323,09:53:40,neutral
324,09:53:50,sad
325,09:54:00,sad
326,09:54:10,neutral
327,09:54:20,sad
328,09:54:30,neutral
329,09:54:40,angry
330,09:54:50,sad
331,09:55:00,sad
332,09:55:10,happy
333,09:55:20,angry
334,09:55:30,disgust
335,09:55:40,angry
336,09:55:50,disgust
337,09:56:00,angry
338,09:56:10,happy
339,09:56:20,sad
340,09:56:30,sad
341,09:56:40,happy
342,09:56:50,sad
343,09:57:00,neutral
344,09:57:10,happy
345,09:57:20,disgust
346,09:57:30,neutral
347,09:57:40,neutral
348,09:57:50,angry
349,09:58:00,angry
350,09:58:10,happy
351,09:58:20,happy
352,09:58:30,sad
353,09:58:40,neutral
354,09:58:50,sad
355,09:59:00,sad
356,09:59:10,sad
357,09:59:20,disgust
358,09:59:30,neutral
359,09:59:40,angry
360,09:59:50,angry
361,10:00:00,sad
362,10:00:10,neutral
363,10:00:20,angry
364,10:00:30,disgust
365,10:00:40,happy
366,10:00:50,sad
367,10:01:00,angry
368,10:01:10,happy
369,10:01:20,sad
370,10:01:30,happy
371,10:01:40,sad
372,10:01:50,happy
373,10:02:00,happy
374,10:02:10,angry
375,10:02:20,disgust
376,10:02:30,happy
377,10:02:40,angry
378,10:02:50,happy
379,10:03:00,angry
380,10:03:10,angry
381,10:03:20,sad
382,10:03:30,happy
383,10:03:40,angry
384,10:03:50,neutral
385,10:04:00,sad
386,10:04:10,disgust
387,10:04:20,angry
388,10:04:30,disgust
389,10:04:40,disgust
390,10:04:50,happy
391,10:05:00,sad
392,10:05:10,neutral
393,10:05:20,disgust
394,10:05:30,neutral
395,10:05:40,sad
396,10:05:50,sad
397,10:06:00,happy
398,10:06:10,sad
399,10:06:20,happy
400,10:06:30,happy
401,10:06:40,happy
402,10:06:50,sad
403,10:07:00,sad
404,10:07:10,sad
405,10:07:20,angry
406,10:07:30,disgust
407,10:07:40,disgust
408,10:07:50,angry
409,10:08:00,sad
410,10:08:10,sad
411,10:08:20,angry
412,10:08:30,disgust
413,10:08:40,angry
414,10:08:50,sad
415,10:09:00,sad
416,10:09:10,disgust
417,10:09:20,disgust
418,10:09:30,happy
419,10:09:40,angry
420,10:09:50,neutral
421,10:10:00,angry
422,10:10:10,sad
423,10:10:20,sad
424,10:10:30,disgust
425,10:10:40,angry
426,10:10:50,happy
427,10:11:00,disgust
428,10:11:10,sad
429,10:11:20,sad
430,10:11:30,disgust
431,10:11:40,sad
432,10:11:50,disgust
433,10:12:00,neutral
434,10:12:10,neutral
435,10:12:20,happy
436,10:12:30,sad
437,10:12:40,angry
438,10:12:50,neutral
439,10:13:00,sad
440,10:13:10,disgust
441,10:13:20,neutral
442,10:13:30,angry
443,10:13:40,happy
444,10:13:50,happy
445,10:14:00,angry
446,10:14:10,sad
447,10:14:20,disgust
448,10:14:30,disgust
449,10:14:40,disgust
450,10:14:50,angry
451,10:15:00,angry
452,10:15:10,neutral
453,10:15:20,happy
454,10:15:30,angry
455,10:15:40,sad
456,10:15:50,sad
457,10:16:00,angry
458,10:16:10,angry
459,10:16:20,disgust
460,10:16:30,angry
461,10:16:40,sad
462,10:16:50,happy
463,10:17:00,sad
464,10:17:10,disgust
465,10:17:20,sad
466,10:17:30,neutral
467,10:17:40,angry
468,10:17:50,sad
469,10:18:00,happy
470,10:18:10,happy
471,10:18:20,angry
472,10:18:30,sad
473,10:18:40,neutral
474,10:18:50,disgust
475,10:19:00,disgust
476,10:19:10,disgust
477,10:19:20,happy
478,10:19:30,happy
479,10:19:40,angry
480,10:19:50,neutral
481,10:20:00,angry
482,10:20:10,happy
483,10:20:20,disgust
484,10:20:30,disgust
485,10:20:40,happy
486,10:20:50,angry
487,10:21:00,disgust
488,10:21:10,neutral
489,10:21:20,sad
490,10:21:30,sad
491,10:21:40,disgust
492,10:21:50,sad
493,10:22:00,neutral
494,10:22:10,neutral
495,10:22:20,disgust
496,10:22:30,disgust
497,10:22:40,angry
498,10:22:50,disgust
499,10:23:00,disgust
500,10:23:10,sad
501,10:23:20,happy
502,10:23:30,happy
503,10:23:40,disgust
504,10:23:50,neutral
505,10:24:00,sad
506,10:24:10,disgust
507,10:24:20,happy
508,10:24:30,sad
509,10:24:40,angry
510,10:24:50,sad
511,10:25:00,disgust
512,10:25:10,angry
513,10:25:20,happy
514,10:25:30,disgust
515,10:25:40,happy
516,10:25:50,angry
517,10:26:00,happy
518,10:26:10,neutral
519,10:26:20,happy
520,10:26:30,sad
521,10:26:40,sad
522,10:26:50,disgust
523,10:27:00,angry
524,10:27:10,sad
525,10:27:20,happy
526,10:27:30,neutral
527,10:27:40,neutral
528,10:27:50,angry
529,10:28:00,neutral
530,10:28:10,angry
531,10:28:20,neutral
532,10:28:30,neutral
533,10:28:40,happy
534,10:28:50,angry
535,10:29:00,neutral
536,10:29:10,neutral
537,10:29:20,disgust
538,10:29:30,neutral
539,10:29:40,disgust
540,10:29:50,happy
541,10:30:00,angry
542,10:30:10,sad
543,10:30:20,sad
544,10:30:30,neutral
545,10:30:40,neutral
546,10:30:50,angry
547,10:31:00,angry
548,10:31:10,sad
549,10:31:20,disgust
550,10:31:30,happy
551,10:31:40,disgust
552,10:31:50,neutral
553,10:32:00,neutral
554,10:32:10,disgust
555,10:32:20,angry
556,10:32:30,angry
557,10:32:40,disgust
558,10:32:50,sad
559,10:33:00,neutral
560,10:33:10,sad
561,10:33:20,happy
562,10:33:30,happy
563,10:33:40,happy
564,10:33:50,neutral
565,10:34:00,sad
566,10:34:10,sad
567,10:34:20,neutral
568,10:34:30,angry
569,10:34:40,angry
570,10:34:50,sad
571,10:35:00,disgust
572,10:35:10,disgust
573,10:35:20,angry
574,10:35:30,neutral
575,10:35:40,neutral
576,10:35:50,happy
577,10:36:00,neutral
578,10:36:10,angry
579,10:36:20,sad
580,10:36:30,disgust
581,10:36:40,happy
582,10:36:50,neutral
583,10:37:00,disgust
584,10:37:10,sad
585,10:37:20,sad
586,10:37:30,disgust
587,10:37:40,neutral
588,10:37:50,angry
589,10:38:00,disgust
590,10:38:10,sad
591,10:38:20,neutral
592,10:38:30,angry
593,10:38:40,angry
594,10:38:50,disgust
595,10:39:00,sad
596,10:39:10,angry
597,10:39:20,angry
598,10:39:30,neutral
599,10:39:40,happy
600,10:39:50,sad
601,10:40:00,sad
602,10:40:10,angry
603,10:40:20,sad
604,10:40:30,neutral
605,10:40:40,happy
606,10:40:50,disgust
607,10:41:00,happy
608,10:41:10,sad
609,10:41:20,neutral
610,10:41:30,happy
611,10:41:40,disgust
612,10:41:50,disgust
613,10:42:00,neutral
614,10:42:10,angry
615,10:42:20,neutral
616,10:42:30,happy
617,10:42:40,sad
618,10:42:50,disgust
619,10:43:00,sad
620,10:43:10,neutral
621,10:43:20,neutral
622,10:43:30,happy
623,10:43:40,happy
624,10:43:50,disgust
625,10:44:00,disgust
626,10:44:10,angry
627,10:44:20,happy
628,10:44:30,sad
629,10:44:40,sad
630,10:44:50,happy
631,10:45:00,angry
632,10:45:10,sad
633,10:45:20,happy
634,10:45:30,disgust
635,10:45:40,angry
636,10:45:50,happy
637,10:46:00,disgust
638,10:46:10,happy
639,10:46:20,disgust
640,10:46:30,angry
641,10:46:40,happy
642,10:46:50,angry
643,10:47:00,angry
644,10:47:10,angry
645,10:47:20,disgust
646,10:47:30,neutral
647,10:47:40,sad
648,10:47:50,angry
649,10:48:00,happy
650,10:48:10,disgust
651,10:48:20,angry
652,10:48:30,neutral
653,10:48:40,sad
654,10:48:50,happy
655,10:49:00,disgust
656,10:49:10,sad
657,10:49:20,angry
658,10:49:30,disgust
659,10:49:40,disgust
660,10:49:50,disgust
661,10:50:00,disgust
662,10:50:10,sad
663,10:50:20,angry
664,10:50:30,sad
665,10:50:40,sad
666,10:50:50,disgust
667,10:51:00,happy
668,10:51:10,sad
669,10:51:20,happy
670,10:51:30,angry
671,10:51:40,disgust
672,10:51:50,sad
673,10:52:00,sad
674,10:52:10,happy
675,10:52:20,angry
676,10:52:30,happy
677,10:52:40,sad
678,10:52:50,angry
679,10:53:00,disgust
680,10:53:10,angry
681,10:53:20,disgust
682,10:53:30,angry
683,10:53:40,angry
684,10:53:50,angry
685,10:54:00,sad
686,10:54:10,happy
687,10:54:20,disgust
688,10:54:30,disgust
689,10:54:40,disgust
690,10:54:50,disgust
691,10:55:00,disgust
692,10:55:10,happy
693,10:55:20,happy
694,10:55:30,sad
695,10:55:40,disgust
696,10:55:50,sad
697,10:56:00,sad
698,10:56:10,happy
699,10:56:20,sad
700,10:56:30,neutral
701,10:56:40,disgust
702,10:56:50,sad
703,10:57:00,sad
704,10:57:10,angry
705,10:57:20,neutral
706,10:57:30,disgust
707,10:57:40,angry
708,10:57:50,happy
709,10:58:00,happy
710,10:58:10,disgust
711,10:58:20,happy
712,10:58:30,sad
713,10:58:40,happy
714,10:58:50,neutral
715,10:59:00,angry
716,10:59:10,disgust
717,10:59:20,disgust
718,10:59:30,angry
719,10:59:40,angry
720,10:59:50,angry
721,11:00:00,sad
722,11:00:10,happy
723,11:00:20,disgust
724,11:00:30,angry
725,11:00:40,neutral
726,11:00:50,angry
727,11:01:00,sad
728,11:01:10,sad
729,11:01:20,angry
730,11:01:30,neutral
731,11:01:40,sad
732,11:01:50,angry
733,11:02:00,sad
734,11:02:10,happy
735,11:02:20,angry
736,11:02:30,disgust
737,11:02:40,neutral
738,11:02:50,angry
739,11:03:00,sad
740,11:03:10,happy
741,11:03:20,angry
742,11:03:30,disgust
743,11:03:40,sad
744,11:03:50,happy
745,11:04:00,angry
746,11:04:10,sad
747,11:04:20,angry
748,11:04:30,disgust
749,11:04:40,happy
750,11:04:50,happy
751,11:05:00,happy
752,11:05:10,angry
753,11:05:20,disgust
754,11:05:30,angry
755,11:05:40,happy
756,11:05:50,disgust
757,11:06:00,sad
758,11:06:10,disgust
759,11:06:20,neutral
760,11:06:30,neutral
761,11:06:40,angry
762,11:06:50,sad
763,11:07:00,angry
764,11:07:10,neutral
765,11:07:20,sad
766,11:07:30,happy
767,11:07:40,disgust
768,11:07:50,sad
769,11:08:00,neutral
770,11:08:10,sad
771,11:08:20,neutral
772,11:08:30,happy
773,11:08:40,happy
774,11:08:50,angry
775,11:09:00,disgust
776,11:09:10,disgust
777,11:09:20,angry
778,11:09:30,disgust
779,11:09:40,happy
780,11:09:50,sad
781,11:10:00,disgust
782,11:10:10,happy
783,11:10:20,disgust
784,11:10:30,angry
785,11:10:40,disgust
786,11:10:50,disgust
787,11:11:00,happy
788,11:11:10,disgust
789,11:11:20,happy
790,11:11:30,happy
791,11:11:40,angry
792,11:11:50,angry
793,11:12:00,angry
794,11:12:10,happy
795,11:12:20,happy
796,11:12:30,disgust
797,11:12:40,sad
798,11:12:50,angry
799,11:13:00,disgust
800,11:13:10,angry
801,11:13:20,happy
802,11:13:30,disgust
803,11:13:40,happy
804,11:13:50,neutral
805,11:14:00,happy
806,11:14:10,angry
807,11:14:20,sad
808,11:14:30,happy
809,11:14:40,neutral
810,11:14:50,disgust
811,11:15:00,sad
812,11:15:10,disgust
813,11:15:20,angry
814,11:15:30,disgust
815,11:15:40,sad
816,11:15:50,happy
817,11:16:00,happy
818,11:16:10,disgust
819,11:16:20,neutral
820,11:16:30,happy
821,11:16:40,happy
822,11:16:50,sad
823,11:17:00,neutral
824,11:17:10,angry
825,11:17:20,neutral
826,11:17:30,happy
827,11:17:40,angry
828,11:17:50,angry
829,11:18:00,neutral
830,11:18:10,happy
831,11:18:20,happy
832,11:18:30,neutral
833,11:18:40,sad
834,11:18:50,angry
835,11:19:00,sad
836,11:19:10,angry
837,11:19:20,disgust
838,11:19:30,sad
839,11:19:40,angry
840,11:19:50,disgust
841,11:20:00,sad
842,11:20:10,sad
843,11:20:20,neutral
844,11:20:30,neutral
845,11:20:40,disgust
846,11:20:50,happy
847,11:21:00,neutral
848,11:21:10,neutral
849,11:21:20,happy
850,11:21:30,happy
851,11:21:40,neutral
852,11:21:50,angry
853,11:22:00,neutral
854,11:22:10,angry
855,11:22:20,sad
856,11:22:30,neutral
857,11:22:40,neutral
858,11:22:50,happy
859,11:23:00,angry
860,11:23:10,neutral
861,11:23:20,sad
862,11:23:30,angry
863,11:23:40,happy
864,11:23:50,neutral
865,11:24:00,neutral
866,11:24:10,angry
867,11:24:20,sad
868,11:24:30,sad
869,11:24:40,sad
870,11:24:50,disgust
871,11:25:00,disgust
872,11:25:10,happy
873,11:25:20,disgust
874,11:25:30,neutral
875,11:25:40,neutral
876,11:25:50,angry
877,11:26:00,sad
878,11:26:10,sad
879,11:26:20,neutral
880,11:26:30,sad
881,11:26:40,disgust
882,11:26:50,disgust
883,11:27:00,sad
884,11:27:10,angry
885,11:27:20,disgust
886,11:27:30,disgust
887,11:27:40,happy
888,11:27:50,angry
889,11:28:00,neutral
890,11:28:10,neutral
891,11:28:20,happy
892,11:28:30,happy
893,11:28:40,sad
894,11:28:50,happy
895,11:29:00,disgust
896,11:29:10,neutral
897,11:29:20,angry
898,11:29:30,sad
899,11:29:40,happy
900,11:29:50,sad
901,11:30:00,happy
902,11:30:10,happy
903,11:30:20,sad
904,11:30:30,happy
905,11:30:40,angry
906,11:30:50,happy
907,11:31:00,disgust
908,11:31:10,sad
909,11:31:20,disgust
910,11:31:30,sad
911,11:31:40,neutral
912,11:31:50,neutral
913,11:32:00,disgust
914,11:32:10,neutral
915,11:32:20,neutral
916,11:32:30,neutral
917,11:32:40,neutral
918,11:32:50,sad
919,11:33:00,happy
920,11:33:10,happy
921,11:33:20,neutral
922,11:33:30,angry
923,11:33:40,disgust
924,11:33:50,sad
925,11:34:00,happy
926,11:34:10,sad
927,11:34:20,happy
928,11:34:30,angry
929,11:34:40,sad
930,11:34:50,neutral
931,11:35:00,neutral
932,11:35:10,sad
933,11:35:20,happy
934,11:35:30,sad
935,11:35:40,sad
936,11:35:50,angry
937,11:36:00,disgust
938,11:36:10,sad
939,11:36:20,sad
940,11:36:30,angry
941,11:36:40,disgust
942,11:36:50,angry
943,11:37:00,disgust
944,11:37:10,disgust
945,11:37:20,sad
946,11:37:30,sad
947,11:37:40,angry
948,11:37:50,happy
949,11:38:00,happy
950,11:38:10,happy
951,11:38:20,angry
952,11:38:30,angry
953,11:38:40,happy
954,11:38:50,angry
955,11:39:00,disgust
956,11:39:10,neutral
957,11:39:20,angry
958,11:39:30,sad
959,11:39:40,angry
960,11:39:50,angry
961,11:40:00,disgust
962,11:40:10,sad
963,11:40:20,sad
964,11:40:30,happy
965,11:40:40,neutral
966,11:40:50,disgust
967,11:41:00,sad
968,11:41:10,disgust
969,11:41:20,angry
970,11:41:30,disgust
971,11:41:40,happy
972,11:41:50,happy
973,11:42:00,neutral
974,11:42:10,happy
975,11:42:20,sad
976,11:42:30,angry
977,11:42:40,angry
978,11:42:50,disgust
979,11:43:00,disgust
980,11:43:10,happy
981,11:43:20,angry
982,11:43:30,disgust
983,11:43:40,sad
984,11:43:50,disgust
985,11:44:00,neutral
986,11:44:10,sad
987,11:44:20,neutral
988,11:44:30,angry
989,11:44:40,happy
990,11:44:50,angry
991,11:45:00,disgust
992,11:45:10,disgust
993,11:45:20,happy
994,11:45:30,angry
995,11:45:40,happy
996,11:45:50,sad
997,11:46:00,sad
998,11:46:10,neutral
999,11:46:20,angry
1000,11:46:30,neutral
1001,11:46:40,angry
1002,11:46:50,angry
1003,11:47:00,happy
1004,11:47:10,neutral
1005,11:47:20,neutral
1006,11:47:30,sad
1007,11:47:40,disgust
1008,11:47:50,sad
1009,11:48:00,sad
1010,11:48:10,angry
1011,11:48:20,disgust
1012,11:48:30,disgust
1013,11:48:40,sad
1014,11:48:50,happy
1015,11:49:00,neutral
1016,11:49:10,happy
1017,11:49:20,sad
1018,11:49:30,sad
1019,11:49:40,happy
1020,11:49:50,sad
1021,11:50:00,angry
1022,11:50:10,disgust
1023,11:50:20,angry
1024,11:50:30,sad
1025,11:50:40,disgust
1026,11:50:50,happy
1027,11:51:00,angry
1028,11:51:10,angry
1029,11:51:20,angry
1030,11:51:30,angry
1031,11:51:40,neutral
1032,11:51:50,disgust
1033,11:52:00,happy
1034,11:52:10,angry
1035,11:52:20,angry
1036,11:52:30,happy
1037,11:52:40,happy
1038,11:52:50,neutral
1039,11:53:00,disgust
1040,11:53:10,angry
1041,11:53:20,happy
1042,11:53:30,sad
1043,11:53:40,sad
1044,11:53:50,neutral
1045,11:54:00,neutral
1046,11:54:10,neutral
1047,11:54:20,angry
1048,11:54:30,angry
1049,11:54:40,disgust
1050,11:54:50,disgust
1051,11:55:00,disgust
1052,11:55:10,sad
1053,11:55:20,disgust
1054,11:55:30,sad
1055,11:55:40,neutral
1056,11:55:50,angry
1057,11:56:00,happy
1058,11:56:10,sad
1059,11:56:20,happy
1060,11:56:30,angry
1061,11:56:40,disgust
1062,11:56:50,angry
1063,11:57:00,disgust
1064,11:57:10,neutral
1065,11:57:20,neutral
1066,11:57:30,angry
1067,11:57:40,happy
1068,11:57:50,angry
1069,11:58:00,neutral
1070,11:58:10,sad
1071,11:58:20,disgust
1072,11:58:30,disgust
1073,11:58:40,sad
1074,11:58:50,neutral
1075,11:59:00,sad
1076,11:59:10,disgust
1077,11:59:20,disgust
1078,11:59:30,disgust
1079,11:59:40,happy
1080,11:59:50,neutral
1081,12:00:00,neutral
1082,12:00:10,angry
1083,12:00:20,disgust
1084,12:00:30,happy
1085,12:00:40,happy
1086,12:00:50,disgust
1087,12:01:00,neutral
1088,12:01:10,neutral
1089,12:01:20,sad
1090,12:01:30,sad
1091,12:01:40,angry
1092,12:01:50,angry
1093,12:02:00,angry
1094,12:02:10,happy
1095,12:02:20,neutral
1096,12:02:30,angry
1097,12:02:40,angry
1098,12:02:50,sad
1099,12:03:00,angry
1100,12:03:10,disgust
1101,12:03:20,sad
1102,12:03:30,angry
1103,12:03:40,angry
1104,12:03:50,happy
1105,12:04:00,sad
1106,12:04:10,angry
1107,12:04:20,neutral
1108,12:04:30,sad
1109,12:04:40,sad
1110,12:04:50,happy
1111,12:05:00,sad
1112,12:05:10,disgust
1113,12:05:20,happy
1114,12:05:30,disgust
1115,12:05:40,neutral
1116,12:05:50,angry
1117,12:06:00,neutral
1118,12:06:10,disgust
1119,12:06:20,neutral
1120,12:06:30,angry
1121,12:06:40,happy
1122,12:06:50,angry
1123,12:07:00,disgust
1124,12:07:10,neutral
1125,12:07:20,happy
1126,12:07:30,disgust
1127,12:07:40,angry
1128,12:07:50,disgust
1129,12:08:00,sad
1130,12:08:10,disgust
1131,12:08:20,disgust
1132,12:08:30,disgust
1133,12:08:40,disgust
1134,12:08:50,neutral
1135,12:09:00,neutral
1136,12:09:10,happy
1137,12:09:20,happy
1138,12:09:30,neutral
1139,12:09:40,happy
1140,12:09:50,disgust
1141,12:10:00,happy
1142,12:10:10,angry
1143,12:10:20,angry
1144,12:10:30,angry
1145,12:10:40,neutral
1146,12:10:50,neutral
1147,12:11:00,angry
1148,12:11:10,happy
1149,12:11:20,happy
1150,12:11:30,neutral
1151,12:11:40,neutral
1152,12:11:50,happy
1153,12:12:00,angry
1154,12:12:10,neutral
1155,12:12:20,angry
1156,12:12:30,neutral
1157,12:12:40,sad
1158,12:12:50,angry
1159,12:13:00,angry
1160,12:13:10,happy
1161,12:13:20,disgust
1162,12:13:30,disgust
1163,12:13:40,angry
1164,12:13:50,angry
1165,12:14:00,happy
1166,12:14:10,neutral
1167,12:14:20,angry
1168,12:14:30,neutral
1169,12:14:40,neutral
1170,12:14:50,disgust
1171,12:15:00,neutral
1172,12:15:10,angry
1173,12:15:20,happy
1174,12:15:30,sad
1175,12:15:40,angry
1176,12:15:50,neutral
1177,12:16:00,angry
1178,12:16:10,sad
1179,12:16:20,disgust
1180,12:16:30,disgust
1181,12:16:40,sad
1182,12:16:50,sad
1183,12:17:00,angry
1184,12:17:10,angry
1185,12:17:20,sad
1186,12:17:30,neutral
1187,12:17:40,angry
1188,12:17:50,angry
1189,12:18:00,angry
1190,12:18:10,sad
1191,12:18:20,sad
1192,12:18:30,angry
1193,12:18:40,angry
1194,12:18:50,happy
1195,12:19:00,angry
1196,12:19:10,angry
1197,12:19:20,angry
1198,12:19:30,happy
1199,12:19:40,angry
1200,12:19:50,neutral
1201,12:20:00,sad
1202,12:20:10,disgust
1203,12:20:20,sad
1204,12:20:30,angry
1205,12:20:40,happy
1206,12:20:50,neutral
1207,12:21:00,disgust
1208,12:21:10,neutral
1209,12:21:20,neutral
1210,12:21:30,neutral
1211,12:21:40,neutral
1212,12:21:50,happy
1213,12:22:00,happy
1214,12:22:10,neutral
1215,12:22:20,disgust
1216,12:22:30,neutral
1217,12:22:40,disgust
1218,12:22:50,angry
1219,12:23:00,angry
1220,12:23:10,happy
1221,12:23:20,happy
1222,12:23:30,neutral
1223,12:23:40,sad
1224,12:23:50,happy
1225,12:24:00,happy
1226,12:24:10,happy
1227,12:24:20,sad
1228,12:24:30,angry
1229,12:24:40,angry
1230,12:24:50,angry
1231,12:25:00,disgust
1232,12:25:10,disgust
1233,12:25:20,disgust
1234,12:25:30,angry
1235,12:25:40,happy
1236,12:25:50,angry
1237,12:26:00,sad
1238,12:26:10,sad
1239,12:26:20,happy
1240,12:26:30,happy
1241,12:26:40,disgust
1242,12:26:50,disgust
1243,12:27:00,sad
1244,12:27:10,disgust
1245,12:27:20,neutral
1246,12:27:30,happy
1247,12:27:40,neutral
1248,12:27:50,disgust
1249,12:28:00,happy
1250,12:28:10,happy
1251,12:28:20,happy
1252,12:28:30,neutral
1253,12:28:40,disgust
1254,12:28:50,angry
1255,12:29:00,neutral
1256,12:29:10,happy
1257,12:29:20,angry
1258,12:29:30,angry
1259,12:29:40,sad
1260,12:29:50,angry
1261,12:30:00,sad
1262,12:30:10,sad
1263,12:30:20,sad
1264,12:30:30,neutral
1265,12:30:40,sad
1266,12:30:50,happy
1267,12:31:00,sad
1268,12:31:10,sad
1269,12:31:20,happy
1270,12:31:30,neutral
1271,12:31:40,sad
1272,12:31:50,angry
1273,12:32:00,happy
1274,12:32:10,happy
1275,12:32:20,angry
1276,12:32:30,happy
1277,12:32:40,sad
1278,12:32:50,sad
1279,12:33:00,angry
1280,12:33:10,angry
1281,12:33:20,happy
1282,12:33:30,angry
1283,12:33:40,neutral
1284,12:33:50,neutral
1285,12:34:00,neutral
1286,12:34:10,angry
1287,12:34:20,angry
1288,12:34:30,sad
1289,12:34:40,happy
1290,12:34:50,sad
1291,12:35:00,happy
1292,12:35:10,neutral
1293,12:35:20,sad
1294,12:35:30,sad
1295,12:35:40,neutral
1296,12:35:50,disgust
1297,12:36:00,happy
1298,12:36:10,neutral
1299,12:36:20,angry
1300,12:36:30,angry
1301,12:36:40,disgust
1302,12:36:50,disgust
1303,12:37:00,angry
1304,12:37:10,sad
1305,12:37:20,sad
1306,12:37:30,angry
1307,12:37:40,neutral
1308,12:37:50,sad
1309,12:38:00,sad
1310,12:38:10,angry
1311,12:38:20,neutral
1312,12:38:30,neutral
1313,12:38:40,happy
1314,12:38:50,happy
1315,12:39:00,sad
1316,12:39:10,happy
1317,12:39:20,disgust
1318,12:39:30,angry
1319,12:39:40,disgust
1320,12:39:50,neutral
1321,12:40:00,angry
1322,12:40:10,angry
1323,12:40:20,sad
1324,12:40:30,angry
1325,12:40:40,happy
1326,12:40:50,happy
1327,12:41:00,sad
1328,12:41:10,sad
1329,12:41:20,neutral
1330,12:41:30,angry
1331,12:41:40,neutral
1332,12:41:50,neutral
1333,12:42:00,neutral
1334,12:42:10,disgust
1335,12:42:20,happy
1336,12:42:30,angry
1337,12:42:40,neutral
1338,12:42:50,angry
1339,12:43:00,disgust
1340,12:43:10,happy
1341,12:43:20,happy
1342,12:43:30,disgust
1343,12:43:40,angry
1344,12:43:50,disgust
1345,12:44:00,sad
1346,12:44:10,sad
1347,12:44:20,angry
1348,12:44:30,sad
1349,12:44:40,happy
1350,12:44:50,angry
1351,12:45:00,disgust
1352,12:45:10,neutral
1353,12:45:20,neutral
1354,12:45:30,disgust
1355,12:45:40,sad
1356,12:45:50,neutral
1357,12:46:00,disgust
1358,12:46:10,sad
1359,12:46:20,angry
1360,12:46:30,disgust
1361,12:46:40,disgust
1362,12:46:50,angry
1363,12:47:00,happy
1364,12:47:10,happy
1365,12:47:20,sad
1366,12:47:30,sad
1367,12:47:40,neutral
1368,12:47:50,happy
1369,12:48:00,neutral
1370,12:48:10,angry
1371,12:48:20,disgust
1372,12:48:30,angry
1373,12:48:40,angry
1374,12:48:50,neutral
1375,12:49:00,happy
1376,12:49:10,neutral
1377,12:49:20,disgust
1378,12:49:30,angry
1379,12:49:40,happy
1380,12:49:50,sad
1381,12:50:00,happy
1382,12:50:10,happy
1383,12:50:20,disgust
1384,12:50:30,sad
1385,12:50:40,neutral
1386,12:50:50,happy
1387,12:51:00,angry
1388,12:51:10,sad
1389,12:51:20,happy
1390,12:51:30,disgust
1391,12:51:40,angry
1392,12:51:50,angry
1393,12:52:00,disgust
1394,12:52:10,neutral
1395,12:52:20,angry
1396,12:52:30,sad
1397,12:52:40,happy
1398,12:52:50,angry
1399,12:53:00,disgust
1400,12:53:10,neutral
1401,12:53:20,happy
1402,12:53:30,neutral
1403,12:53:40,happy
1404,12:53:50,sad
1405,12:54:00,angry
1406,12:54:10,neutral
1407,12:54:20,sad
1408,12:54:30,happy
1409,12:54:40,neutral
1410,12:54:50,angry
1411,12:55:00,neutral
1412,12:55:10,angry
1413,12:55:20,angry
1414,12:55:30,sad
1415,12:55:40,angry
1416,12:55:50,happy
1417,12:56:00,angry
1418,12:56:10,neutral
1419,12:56:20,sad
1420,12:56:30,happy
1421,12:56:40,happy
1422,12:56:50,angry
1423,12:57:00,happy
1424,12:57:10,angry
1425,12:57:20,disgust
1426,12:57:30,sad
1427,12:57:40,angry
1428,12:57:50,happy
1429,12:58:00,sad
1430,12:58:10,disgust
1431,12:58:20,happy
1432,12:58:30,angry
1433,12:58:40,happy
1434,12:58:50,disgust
1435,12:59:00,angry
1436,12:59:10,disgust
1437,12:59:20,angry
1438,12:59:30,disgust
1439,12:59:40,happy
1440,12:59:50,neutral
1441,13:00:00,neutral
1442,13:00:10,neutral
1443,13:00:20,disgust
1444,13:00:30,happy
1445,13:00:40,neutral
1446,13:00:50,neutral
1447,13:01:00,neutral
1448,13:01:10,disgust
1449,13:01:20,angry
1450,13:01:30,angry
1451,13:01:40,neutral
1452,13:01:50,happy
1453,13:02:00,sad
1454,13:02:10,angry
1455,13:02:20,sad
1456,13:02:30,disgust
1457,13:02:40,angry
1458,13:02:50,neutral
1459,13:03:00,happy
1460,13:03:10,sad
1461,13:03:20,sad
1462,13:03:30,neutral
1463,13:03:40,neutral
1464,13:03:50,happy
1465,13:04:00,sad
1466,13:04:10,happy
1467,13:04:20,disgust
1468,13:04:30,sad
1469,13:04:40,sad
1470,13:04:50,happy
1471,13:05:00,disgust
1472,13:05:10,happy
1473,13:05:20,disgust
1474,13:05:30,happy
1475,13:05:40,angry
1476,13:05:50,happy
1477,13:06:00,neutral
1478,13:06:10,sad
1479,13:06:20,disgust
1480,13:06:30,happy
1481,13:06:40,disgust
1482,13:06:50,neutral
1483,13:07:00,angry
1484,13:07:10,disgust
1485,13:07:20,sad
1486,13:07:30,sad
1487,13:07:40,angry
1488,13:07:50,sad
1489,13:08:00,angry
1490,13:08:10,angry
1491,13:08:20,neutral
1492,13:08:30,disgust
1493,13:08:40,happy
1494,13:08:50,disgust
1495,13:09:00,disgust
1496,13:09:10,angry
1497,13:09:20,sad
1498,13:09:30,happy
1499,13:09:40,angry
1500,13:09:50,sad
1501,13:10:00,neutral
1502,13:10:10,neutral
1503,13:10:20,angry
1504,13:10:30,angry
1505,13:10:40,neutral
1506,13:10:50,disgust
1507,13:11:00,angry
1508,13:11:10,neutral
1509,13:11:20,happy
1510,13:11:30,angry
1511,13:11:40,disgust
1512,13:11:50,happy
1513,13:12:00,neutral
1514,13:12:10,sad
1515,13:12:20,angry
1516,13:12:30,disgust
1517,13:12:40,neutral
1518,13:12:50,neutral
1519,13:13:00,happy
1520,13:13:10,happy
1521,13:13:20,happy
1522,13:13:30,happy
1523,13:13:40,disgust
1524,13:13:50,angry
1525,13:14:00,disgust
1526,13:14:10,neutral
1527,13:14:20,neutral
1528,13:14:30,angry
1529,13:14:40,angry
1530,13:14:50,sad
1531,13:15:00,neutral
1532,13:15:10,sad
1533,13:15:20,neutral
1534,13:15:30,sad
1535,13:15:40,sad
1536,13:15:50,happy
1537,13:16:00,happy
1538,13:16:10,sad
1539,13:16:20,disgust
1540,13:16:30,happy
1541,13:16:40,neutral
1542,13:16:50,angry
1543,13:17:00,disgust
1544,13:17:10,neutral
1545,13:17:20,happy
1546,13:17:30,disgust
1547,13:17:40,sad
1548,13:17:50,happy
1549,13:18:00,happy
1550,13:18:10,neutral
1551,13:18:20,angry
1552,13:18:30,happy
1553,13:18:40,disgust
1554,13:18:50,happy
1555,13:19:00,angry
1556,13:19:10,happy
1557,13:19:20,disgust
1558,13:19:30,sad
1559,13:19:40,angry
1560,13:19:50,angry
1561,13:20:00,angry
1562,13:20:10,happy
1563,13:20:20,disgust
1564,13:20:30,sad
1565,13:20:40,happy
1566,13:20:50,sad
1567,13:21:00,happy
1568,13:21:10,happy
1569,13:21:20,happy
1570,13:21:30,happy
1571,13:21:40,disgust
1572,13:21:50,disgust
1573,13:22:00,disgust
1574,13:22:10,angry
1575,13:22:20,neutral
1576,13:22:30,happy
1577,13:22:40,happy
1578,13:22:50,sad
1579,13:23:00,sad
1580,13:23:10,sad
1581,13:23:20,happy
1582,13:23:30,sad
1583,13:23:40,sad
1584,13:23:50,sad
1585,13:24:00,disgust
1586,13:24:10,happy
1587,13:24:20,happy
1588,13:24:30,sad
1589,13:24:40,neutral
1590,13:24:50,neutral
1591,13:25:00,angry
1592,13:25:10,neutral
1593,13:25:20,sad
1594,13:25:30,disgust
1595,13:25:40,sad
1596,13:25:50,angry
1597,13:26:00,sad
1598,13:26:10,angry
1599,13:26:20,sad
1600,13:26:30,angry
1601,13:26:40,sad
1602,13:26:50,sad
1603,13:27:00,sad
1604,13:27:10,happy
1605,13:27:20,angry
1606,13:27:30,happy
1607,13:27:40,neutral
1608,13:27:50,happy
1609,13:28:00,neutral
1610,13:28:10,neutral
1611,13:28:20,angry
1612,13:28:30,neutral
1613,13:28:40,sad
1614,13:28:50,angry
1615,13:29:00,angry
1616,13:29:10,angry
1617,13:29:20,happy
1618,13:29:30,sad
1619,13:29:40,angry
1620,13:29:50,angry
1621,13:30:00,angry
1622,13:30:10,disgust
1623,13:30:20,angry
1624,13:30:30,neutral
1625,13:30:40,neutral
1626,13:30:50,sad
1627,13:31:00,sad
1628,13:31:10,sad
1629,13:31:20,neutral
1630,13:31:30,sad
1631,13:31:40,angry
1632,13:31:50,sad
1633,13:32:00,neutral
1634,13:32:10,neutral
1635,13:32:20,happy
1636,13:32:30,sad
1637,13:32:40,angry
1638,13:32:50,sad
1639,13:33:00,angry
1640,13:33:10,disgust
1641,13:33:20,disgust
1642,13:33:30,neutral
1643,13:33:40,disgust
1644,13:33:50,happy
1645,13:34:00,sad
1646,13:34:10,disgust
1647,13:34:20,sad
1648,13:34:30,sad
1649,13:34:40,happy
1650,13:34:50,neutral
1651,13:35:00,neutral
1652,13:35:10,neutral
1653,13:35:20,angry
1654,13:35:30,angry
1655,13:35:40,neutral
1656,13:35:50,angry
1657,13:36:00,sad
1658,13:36:10,sad
1659,13:36:20,happy
1660,13:36:30,angry
1661,13:36:40,angry
1662,13:36:50,neutral
1663,13:37:00,sad
1664,13:37:10,sad
1665,13:37:20,angry
1666,13:37:30,angry
1667,13:37:40,sad
1668,13:37:50,happy
1669,13:38:00,neutral
1670,13:38:10,sad
1671,13:38:20,disgust
1672,13:38:30,neutral
1673,13:38:40,disgust
1674,13:38:50,neutral
1675,13:39:00,disgust
1676,13:39:10,sad
1677,13:39:20,neutral
1678,13:39:30,angry
1679,13:39:40,angry
1680,13:39:50,neutral
1681,13:40:00,disgust
1682,13:40:10,neutral
1683,13:40:20,disgust
1684,13:40:30,angry
1685,13:40:40,disgust
1686,13:40:50,neutral
1687,13:41:00,neutral
1688,13:41:10,neutral
1689,13:41:20,happy
1690,13:41:30,sad
1691,13:41:40,angry
1692,13:41:50,happy
1693,13:42:00,angry
1694,13:42:10,happy
1695,13:42:20,neutral
1696,13:42:30,angry
1697,13:42:40,sad
1698,13:42:50,angry
1699,13:43:00,happy
1700,13:43:10,disgust
1701,13:43:20,happy
1702,13:43:30,angry
1703,13:43:40,disgust
1704,13:43:50,sad
1705,13:44:00,happy
1706,13:44:10,neutral
1707,13:44:20,angry
1708,13:44:30,happy
1709,13:44:40,happy
1710,13:44:50,disgust
1711,13:45:00,sad
1712,13:45:10,neutral
1713,13:45:20,happy
1714,13:45:30,disgust
1715,13:45:40,angry
1716,13:45:50,neutral
1717,13:46:00,angry
1718,13:46:10,angry
1719,13:46:20,angry
1720,13:46:30,neutral
1721,13:46:40,happy
1722,13:46:50,sad
1723,13:47:00,happy
1724,13:47:10,happy
1725,13:47:20,angry
1726,13:47:30,neutral
1727,13:47:40,sad
1728,13:47:50,happy
1729,13:48:00,sad
1730,13:48:10,happy
1731,13:48:20,angry
1732,13:48:30,angry
1733,13:48:40,sad
1734,13:48:50,angry
1735,13:49:00,angry
1736,13:49:10,disgust
1737,13:49:20,angry
1738,13:49:30,happy
1739,13:49:40,sad
1740,13:49:50,disgust
1741,13:50:00,disgust
1742,13:50:10,happy
1743,13:50:20,neutral
1744,13:50:30,angry
1745,13:50:40,neutral
1746,13:50:50,neutral
1747,13:51:00,sad
1748,13:51:10,angry
1749,13:51:20,sad
1750,13:51:30,happy
1751,13:51:40,sad
1752,13:51:50,disgust
1753,13:52:00,happy
1754,13:52:10,happy
1755,13:52:20,happy
1756,13:52:30,happy
1757,13:52:40,neutral
1758,13:52:50,happy
1759,13:53:00,neutral
1760,13:53:10,angry
1761,13:53:20,happy
1762,13:53:30,neutral
1763,13:53:40,disgust
1764,13:53:50,happy
1765,13:54:00,angry
1766,13:54:10,happy
1767,13:54:20,sad
1768,13:54:30,disgust
1769,13:54:40,disgust
1770,13:54:50,disgust
1771,13:55:00,sad
1772,13:55:10,neutral
1773,13:55:20,angry
1774,13:55:30,sad
1775,13:55:40,neutral
1776,13:55:50,sad
1777,13:56:00,angry
1778,13:56:10,angry
1779,13:56:20,disgust
1780,13:56:30,happy
1781,13:56:40,neutral
1782,13:56:50,angry
1783,13:57:00,angry
1784,13:57:10,sad
1785,13:57:20,neutral
1786,13:57:30,disgust
1787,13:57:40,angry
1788,13:57:50,angry
1789,13:58:00,neutral
1790,13:58:10,angry
1791,13:58:20,angry
1792,13:58:30,disgust
1793,13:58:40,sad
1794,13:58:50,happy
1795,13:59:00,sad
1796,13:59:10,disgust
1797,13:59:20,neutral
1798,13:59:30,happy
1799,13:59:40,neutral
1800,13:59:50,angry
1801,14:00:00,angry
1802,14:00:10,disgust
1803,14:00:20,angry
1804,14:00:30,angry
1805,14:00:40,neutral
1806,14:00:50,disgust
1807,14:01:00,angry
1808,14:01:10,disgust
1809,14:01:20,angry
1810,14:01:30,happy
1811,14:01:40,neutral
1812,14:01:50,disgust
1813,14:02:00,angry
1814,14:02:10,happy
1815,14:02:20,happy
1816,14:02:30,disgust
1817,14:02:40,neutral
1818,14:02:50,sad
1819,14:03:00,neutral
1820,14:03:10,happy
1821,14:03:20,angry
1822,14:03:30,angry
1823,14:03:40,neutral
1824,14:03:50,neutral
1825,14:04:00,neutral
1826,14:04:10,sad
1827,14:04:20,happy
1828,14:04:30,disgust
1829,14:04:40,angry
1830,14:04:50,disgust
1831,14:05:00,happy
1832,14:05:10,angry
1833,14:05:20,sad
1834,14:05:30,angry
1835,14:05:40,disgust
1836,14:05:50,sad
1837,14:06:00,neutral
1838,14:06:10,neutral
1839,14:06:20,happy
1840,14:06:30,neutral
1841,14:06:40,angry
1842,14:06:50,disgust
1843,14:07:00,sad
1844,14:07:10,disgust
1845,14:07:20,disgust
1846,14:07:30,happy
1847,14:07:40,happy
1848,14:07:50,neutral
1849,14:08:00,neutral
1850,14:08:10,disgust
1851,14:08:20,angry
1852,14:08:30,disgust
1853,14:08:40,angry
1854,14:08:50,happy
1855,14:09:00,neutral
1856,14:09:10,angry
1857,14:09:20,sad
1858,14:09:30,happy
1859,14:09:40,neutral
1860,14:09:50,disgust
1861,14:10:00,neutral
1862,14:10:10,sad
1863,14:10:20,angry
1864,14:10:30,angry
1865,14:10:40,neutral
1866,14:10:50,neutral
1867,14:11:00,sad
1868,14:11:10,neutral
1869,14:11:20,sad
1870,14:11:30,angry
1871,14:11:40,disgust
1872,14:11:50,angry
1873,14:12:00,angry
1874,14:12:10,neutral
1875,14:12:20,disgust
1876,14:12:30,disgust
1877,14:12:40,angry
1878,14:12:50,sad
1879,14:13:00,happy
1880,14:13:10,angry
1881,14:13:20,angry
1882,14:13:30,sad
1883,14:13:40,angry
1884,14:13:50,happy
1885,14:14:00,sad
1886,14:14:10,neutral
1887,14:14:20,happy
1888,14:14:30,neutral
1889,14:14:40,happy
1890,14:14:50,sad
1891,14:15:00,neutral
1892,14:15:10,sad
1893,14:15:20,angry
1894,14:15:30,disgust
1895,14:15:40,neutral
1896,14:15:50,happy
1897,14:16:00,disgust
1898,14:16:10,angry
1899,14:16:20,happy
1900,14:16:30,disgust
1901,14:16:40,neutral
1902,14:16:50,neutral
1903,14:17:00,happy
1904,14:17:10,angry
1905,14:17:20,angry
1906,14:17:30,disgust
1907,14:17:40,happy
1908,14:17:50,sad
1909,14:18:00,disgust
1910,14:18:10,happy
1911,14:18:20,sad
1912,14:18:30,disgust
1913,14:18:40,sad
1914,14:18:50,happy
1915,14:19:00,angry
1916,14:19:10,disgust
1917,14:19:20,disgust
1918,14:19:30,neutral
1919,14:19:40,happy
1920,14:19:50,angry
1921,14:20:00,happy
1922,14:20:10,sad
1923,14:20:20,sad
1924,14:20:30,disgust
1925,14:20:40,sad
1926,14:20:50,angry
1927,14:21:00,angry
1928,14:21:10,neutral
1929,14:21:20,disgust
1930,14:21:30,angry
1931,14:21:40,angry
1932,14:21:50,neutral
1933,14:22:00,disgust
1934,14:22:10,angry
1935,14:22:20,happy
1936,14:22:30,sad
1937,14:22:40,disgust
1938,14:22:50,angry
1939,14:23:00,happy
1940,14:23:10,neutral
1941,14:23:20,neutral
1942,14:23:30,happy
1943,14:23:40,disgust
1944,14:23:50,sad
1945,14:24:00,neutral
1946,14:24:10,angry
1947,14:24:20,angry
1948,14:24:30,happy
1949,14:24:40,disgust
1950,14:24:50,disgust
1951,14:25:00,sad
1952,14:25:10,happy
1953,14:25:20,angry
1954,14:25:30,angry
1955,14:25:40,neutral
1956,14:25:50,disgust
1957,14:26:00,angry
1958,14:26:10,neutral
1959,14:26:20,sad
1960,14:26:30,neutral
1961,14:26:40,sad
1962,14:26:50,disgust
1963,14:27:00,angry
1964,14:27:10,angry
1965,14:27:20,neutral
1966,14:27:30,happy
1967,14:27:40,disgust
1968,14:27:50,sad
1969,14:28:00,happy
1970,14:28:10,disgust
1971,14:28:20,happy
1972,14:28:30,sad
1973,14:28:40,happy
1974,14:28:50,happy
1975,14:29:00,disgust
1976,14:29:10,neutral
1977,14:29:20,sad
1978,14:29:30,neutral
1979,14:29:40,happy
1980,14:29:50,neutral
1981,14:30:00,angry
1982,14:30:10,happy
1983,14:30:20,sad
1984,14:30:30,happy
1985,14:30:40,happy
1986,14:30:50,neutral
1987,14:31:00,happy
1988,14:31:10,angry
1989,14:31:20,sad
1990,14:31:30,disgust
1991,14:31:40,happy
1992,14:31:50,disgust
1993,14:32:00,angry
1994,14:32:10,disgust
1995,14:32:20,neutral
1996,14:32:30,disgust
1997,14:32:40,neutral
1998,14:32:50,happy
1999,14:33:00,neutral
2000,14:33:10,neutral
2001,14:33:20,neutral
2002,14:33:30,happy
2003,14:33:40,disgust
2004,14:33:50,neutral
2005,14:34:00,neutral
2006,14:34:10,sad
2007,14:34:20,sad
2008,14:34:30,happy
2009,14:34:40,happy
2010,14:34:50,angry
2011,14:35:00,angry
2012,14:35:10,happy
2013,14:35:20,angry
2014,14:35:30,sad
2015,14:35:40,happy
2016,14:35:50,happy
2017,14:36:00,neutral
2018,14:36:10,happy
2019,14:36:20,sad
2020,14:36:30,disgust
2021,14:36:40,neutral
2022,14:36:50,happy
2023,14:37:00,sad
2024,14:37:10,angry
2025,14:37:20,disgust
2026,14:37:30,happy
2027,14:37:40,neutral
2028,14:37:50,disgust
2029,14:38:00,neutral
2030,14:38:10,neutral
2031,14:38:20,sad
2032,14:38:30,sad
2033,14:38:40,disgust
2034,14:38:50,sad
2035,14:39:00,disgust
2036,14:39:10,neutral
2037,14:39:20,disgust
2038,14:39:30,angry
2039,14:39:40,neutral
2040,14:39:50,happy
2041,14:40:00,sad
2042,14:40:10,neutral
2043,14:40:20,happy
2044,14:40:30,neutral
2045,14:40:40,sad
2046,14:40:50,happy
2047,14:41:00,neutral
2048,14:41:10,disgust
2049,14:41:20,disgust
2050,14:41:30,neutral
2051,14:41:40,disgust
2052,14:41:50,angry
2053,14:42:00,happy
2054,14:42:10,disgust
2055,14:42:20,neutral
2056,14:42:30,disgust
2057,14:42:40,angry
2058,14:42:50,happy
2059,14:43:00,neutral
2060,14:43:10,happy
2061,14:43:20,angry
2062,14:43:30,sad
2063,14:43:40,happy
2064,14:43:50,angry
2065,14:44:00,angry
2066,14:44:10,angry
2067,14:44:20,neutral
2068,14:44:30,sad
2069,14:44:40,neutral
2070,14:44:50,neutral
2071,14:45:00,angry
2072,14:45:10,angry
2073,14:45:20,sad
2074,14:45:30,disgust
2075,14:45:40,sad
2076,14:45:50,happy
2077,14:46:00,happy
2078,14:46:10,happy
2079,14:46:20,neutral
2080,14:46:30,sad
2081,14:46:40,neutral
2082,14:46:50,disgust
2083,14:47:00,sad
2084,14:47:10,neutral
2085,14:47:20,angry
2086,14:47:30,neutral
2087,14:47:40,sad
2088,14:47:50,disgust
2089,14:48:00,disgust
2090,14:48:10,sad
2091,14:48:20,disgust
2092,14:48:30,happy
2093,14:48:40,happy
2094,14:48:50,disgust
2095,14:49:00,angry
2096,14:49:10,neutral
2097,14:49:20,angry
2098,14:49:30,angry
2099,14:49:40,happy
2100,14:49:50,happy
2101,14:50:00,disgust
2102,14:50:10,neutral
2103,14:50:20,disgust
2104,14:50:30,angry
2105,14:50:40,sad
2106,14:50:50,neutral
2107,14:51:00,disgust
2108,14:51:10,neutral
2109,14:51:20,sad
2110,14:51:30,neutral
2111,14:51:40,angry
2112,14:51:50,disgust
2113,14:52:00,happy
2114,14:52:10,sad
2115,14:52:20,happy
2116,14:52:30,angry
2117,14:52:40,neutral
2118,14:52:50,neutral
2119,14:53:00,disgust
2120,14:53:10,sad
2121,14:53:20,happy
2122,14:53:30,neutral
2123,14:53:40,happy
2124,14:53:50,disgust
2125,14:54:00,disgust
2126,14:54:10,disgust
2127,14:54:20,angry
2128,14:54:30,neutral
2129,14:54:40,angry
2130,14:54:50,happy
2131,14:55:00,neutral
2132,14:55:10,disgust
2133,14:55:20,sad
2134,14:55:30,sad
2135,14:55:40,sad
2136,14:55:50,neutral
2137,14:56:00,neutral
2138,14:56:10,neutral
2139,14:56:20,disgust
2140,14:56:30,neutral
2141,14:56:40,neutral
2142,14:56:50,disgust
2143,14:57:00,disgust
2144,14:57:10,sad
2145,14:57:20,happy
2146,14:57:30,disgust
2147,14:57:40,disgust
2148,14:57:50,disgust
2149,14:58:00,disgust
2150,14:58:10,happy
2151,14:58:20,happy
2152,14:58:30,sad
2153,14:58:40,neutral
2154,14:58:50,angry
2155,14:59:00,neutral
2156,14:59:10,disgust
2157,14:59:20,sad
2158,14:59:30,angry
2159,14:59:40,angry
2160,14:59:50,neutral
2161,15:00:00,sad
2162,15:00:10,angry
2163,15:00:20,sad
2164,15:00:30,neutral
2165,15:00:40,angry
2166,15:00:50,sad
2167,15:01:00,sad
2168,15:01:10,neutral
2169,15:01:20,happy
2170,15:01:30,neutral
2171,15:01:40,disgust
2172,15:01:50,happy
2173,15:02:00,happy
2174,15:02:10,angry
2175,15:02:20,neutral
2176,15:02:30,neutral
2177,15:02:40,neutral
2178,15:02:50,disgust
2179,15:03:00,disgust
2180,15:03:10,happy
2181,15:03:20,happy
2182,15:03:30,sad
2183,15:03:40,angry
2184,15:03:50,angry
2185,15:04:00,happy
2186,15:04:10,neutral
2187,15:04:20,sad
2188,15:04:30,happy
2189,15:04:40,happy
2190,15:04:50,sad
2191,15:05:00,neutral
2192,15:05:10,disgust
2193,15:05:20,happy
2194,15:05:30,sad
2195,15:05:40,angry
2196,15:05:50,disgust
2197,15:06:00,sad
2198,15:06:10,disgust
2199,15:06:20,angry
2200,15:06:30,happy
2201,15:06:40,disgust
2202,15:06:50,angry
2203,15:07:00,sad
2204,15:07:10,neutral
2205,15:07:20,neutral
2206,15:07:30,happy
2207,15:07:40,happy
2208,15:07:50,angry
2209,15:08:00,angry
2210,15:08:10,disgust
2211,15:08:20,happy
2212,15:08:30,sad
2213,15:08:40,neutral
2214,15:08:50,sad
2215,15:09:00,sad
2216,15:09:10,sad
2217,15:09:20,happy
2218,15:09:30,sad
2219,15:09:40,neutral
2220,15:09:50,angry
2221,15:10:00,angry
2222,15:10:10,disgust
2223,15:10:20,happy
2224,15:10:30,angry
2225,15:10:40,happy
2226,15:10:50,neutral
2227,15:11:00,angry
2228,15:11:10,happy
2229,15:11:20,angry
2230,15:11:30,neutral
2231,15:11:40,happy
2232,15:11:50,sad
2233,15:12:00,disgust
2234,15:12:10,disgust
2235,15:12:20,angry
2236,15:12:30,angry
2237,15:12:40,sad
2238,15:12:50,happy
2239,15:13:00,angry
2240,15:13:10,angry
2241,15:13:20,neutral
2242,15:13:30,happy
2243,15:13:40,disgust
2244,15:13:50,sad
2245,15:14:00,neutral
2246,15:14:10,angry
2247,15:14:20,neutral
2248,15:14:30,angry
2249,15:14:40,angry
2250,15:14:50,happy
2251,15:15:00,sad
2252,15:15:10,neutral
2253,15:15:20,happy
2254,15:15:30,angry
2255,15:15:40,happy
2256,15:15:50,angry
2257,15:16:00,happy
2258,15:16:10,sad
2259,15:16:20,angry
2260,15:16:30,angry
2261,15:16:40,happy
2262,15:16:50,disgust
2263,15:17:00,sad
2264,15:17:10,sad
2265,15:17:20,angry
2266,15:17:30,sad
2267,15:17:40,neutral
2268,15:17:50,neutral
2269,15:18:00,angry
2270,15:18:10,disgust
2271,15:18:20,neutral
2272,15:18:30,angry
2273,15:18:40,disgust
2274,15:18:50,neutral
2275,15:19:00,disgust
2276,15:19:10,disgust
2277,15:19:20,neutral
2278,15:19:30,angry
2279,15:19:40,neutral
2280,15:19:50,angry
2281,15:20:00,disgust
2282,15:20:10,disgust
2283,15:20:20,sad
2284,15:20:30,neutral
2285,15:20:40,sad
2286,15:20:50,disgust
2287,15:21:00,angry
2288,15:21:10,sad
2289,15:21:20,sad
2290,15:21:30,neutral
2291,15:21:40,disgust
2292,15:21:50,happy
2293,15:22:00,disgust
2294,15:22:10,disgust
2295,15:22:20,happy
2296,15:22:30,happy
2297,15:22:40,happy
2298,15:22:50,disgust
2299,15:23:00,angry
2300,15:23:10,neutral
2301,15:23:20,neutral
2302,15:23:30,happy
2303,15:23:40,happy
2304,15:23:50,angry
2305,15:24:00,happy
2306,15:24:10,angry
2307,15:24:20,happy
2308,15:24:30,disgust
2309,15:24:40,happy
2310,15:24:50,disgust
2311,15:25:00,happy
2312,15:25:10,sad
2313,15:25:20,disgust
2314,15:25:30,sad
2315,15:25:40,neutral
2316,15:25:50,neutral
2317,15:26:00,happy
2318,15:26:10,happy
2319,15:26:20,sad
2320,15:26:30,disgust
2321,15:26:40,angry
2322,15:26:50,disgust
2323,15:27:00,neutral
2324,15:27:10,sad
2325,15:27:20,neutral
2326,15:27:30,sad
2327,15:27:40,angry
2328,15:27:50,sad
2329,15:28:00,angry
2330,15:28:10,disgust
2331,15:28:20,angry
2332,15:28:30,disgust
2333,15:28:40,angry
2334,15:28:50,happy
2335,15:29:00,neutral
2336,15:29:10,sad
2337,15:29:20,happy
2338,15:29:30,sad
2339,15:29:40,sad
2340,15:29:50,neutral
2341,15:30:00,disgust
2342,15:30:10,happy
2343,15:30:20,sad
2344,15:30:30,sad
2345,15:30:40,disgust
2346,15:30:50,sad
2347,15:31:00,disgust
2348,15:31:10,neutral
2349,15:31:20,neutral
2350,15:31:30,happy
2351,15:31:40,angry
2352,15:31:50,disgust
2353,15:32:00,sad
2354,15:32:10,angry
2355,15:32:20,angry
2356,15:32:30,neutral
2357,15:32:40,neutral
2358,15:32:50,happy
2359,15:33:00,angry
2360,15:33:10,sad
2361,15:33:20,neutral
2362,15:33:30,disgust
2363,15:33:40,neutral
2364,15:33:50,disgust
2365,15:34:00,disgust
2366,15:34:10,sad
2367,15:34:20,disgust
2368,15:34:30,happy
2369,15:34:40,happy
2370,15:34:50,angry
2371,15:35:00,neutral
2372,15:35:10,angry
2373,15:35:20,happy
2374,15:35:30,angry
2375,15:35:40,neutral
2376,15:35:50,disgust
2377,15:36:00,happy
2378,15:36:10,neutral
2379,15:36:20,happy
2380,15:36:30,sad
2381,15:36:40,neutral
2382,15:36:50,angry
2383,15:37:00,angry
2384,15:37:10,disgust
2385,15:37:20,disgust
2386,15:37:30,angry
2387,15:37:40,neutral
2388,15:37:50,sad
2389,15:38:00,angry
2390,15:38:10,angry
2391,15:38:20,happy
2392,15:38:30,neutral
2393,15:38:40,disgust
2394,15:38:50,angry
2395,15:39:00,sad
2396,15:39:10,neutral
2397,15:39:20,happy
2398,15:39:30,angry
2399,15:39:40,angry
2400,15:39:50,neutral
2401,15:40:00,happy
2402,15:40:10,angry
2403,15:40:20,disgust
2404,15:40:30,happy
2405,15:40:40,sad
2406,15:40:50,disgust
2407,15:41:00,disgust
2408,15:41:10,happy
2409,15:41:20,sad
2410,15:41:30,sad
2411,15:41:40,sad
2412,15:41:50,sad
2413,15:42:00,neutral
2414,15:42:10,disgust
2415,15:42:20,sad
2416,15:42:30,angry
2417,15:42:40,happy
2418,15:42:50,disgust
2419,15:43:00,sad
2420,15:43:10,happy
2421,15:43:20,disgust
2422,15:43:30,disgust
2423,15:43:40,happy
2424,15:43:50,sad
2425,15:44:00,sad
2426,15:44:10,sad
2427,15:44:20,disgust
2428,15:44:30,happy
2429,15:44:40,sad
2430,15:44:50,neutral
2431,15:45:00,sad
2432,15:45:10,sad
2433,15:45:20,neutral
2434,15:45:30,disgust
2435,15:45:40,neutral
2436,15:45:50,disgust
2437,15:46:00,neutral
2438,15:46:10,sad
2439,15:46:20,disgust
2440,15:46:30,happy
2441,15:46:40,happy
2442,15:46:50,angry
2443,15:47:00,angry
2444,15:47:10,sad
2445,15:47:20,happy
2446,15:47:30,disgust
2447,15:47:40,neutral
2448,15:47:50,disgust
2449,15:48:00,sad
2450,15:48:10,happy
2451,15:48:20,happy
2452,15:48:30,disgust
2453,15:48:40,neutral
2454,15:48:50,happy
2455,15:49:00,sad
2456,15:49:10,neutral
2457,15:49:20,disgust
2458,15:49:30,happy
2459,15:49:40,happy
2460,15:49:50,happy
2461,15:50:00,disgust
2462,15:50:10,happy
2463,15:50:20,angry
2464,15:50:30,angry
2465,15:50:40,happy
2466,15:50:50,angry
2467,15:51:00,happy
2468,15:51:10,happy
2469,15:51:20,disgust
2470,15:51:30,happy
2471,15:51:40,disgust
2472,15:51:50,disgust
2473,15:52:00,angry
2474,15:52:10,happy
2475,15:52:20,happy
2476,15:52:30,happy
2477,15:52:40,neutral
2478,15:52:50,angry
2479,15:53:00,happy
2480,15:53:10,neutral
2481,15:53:20,angry
2482,15:53:30,happy
2483,15:53:40,sad
2484,15:53:50,sad
2485,15:54:00,angry
2486,15:54:10,sad
2487,15:54:20,neutral
2488,15:54:30,disgust
2489,15:54:40,angry
2490,15:54:50,angry
2491,15:55:00,happy
2492,15:55:10,sad
2493,15:55:20,disgust
2494,15:55:30,angry
2495,15:55:40,angry
2496,15:55:50,angry
2497,15:56:00,neutral
2498,15:56:10,happy
2499,15:56:20,sad
2500,15:56:30,happy
2501,15:56:40,sad
2502,15:56:50,sad
2503,15:57:00,angry
2504,15:57:10,neutral
2505,15:57:20,sad
2506,15:57:30,happy
2507,15:57:40,angry
2508,15:57:50,disgust
2509,15:58:00,disgust
2510,15:58:10,angry
2511,15:58:20,angry
2512,15:58:30,angry
2513,15:58:40,neutral
2514,15:58:50,angry
2515,15:59:00,disgust
2516,15:59:10,disgust
2517,15:59:20,disgust
2518,15:59:30,sad
2519,15:59:40,happy
2520,15:59:50,disgust
2521,16:00:00,neutral
2522,16:00:10,neutral
2523,16:00:20,sad
2524,16:00:30,happy
2525,16:00:40,disgust
2526,16:00:50,happy
2527,16:01:00,disgust
2528,16:01:10,neutral
2529,16:01:20,happy
2530,16:01:30,disgust
2531,16:01:40,disgust
2532,16:01:50,neutral
2533,16:02:00,angry
2534,16:02:10,happy
2535,16:02:20,angry
2536,16:02:30,sad
2537,16:02:40,angry
2538,16:02:50,angry
2539,16:03:00,neutral
2540,16:03:10,angry
2541,16:03:20,neutral
2542,16:03:30,disgust
2543,16:03:40,happy
2544,16:03:50,happy
2545,16:04:00,angry
2546,16:04:10,sad
2547,16:04:20,disgust
2548,16:04:30,neutral
2549,16:04:40,angry
2550,16:04:50,happy
2551,16:05:00,neutral
2552,16:05:10,disgust
2553,16:05:20,sad
2554,16:05:30,sad
2555,16:05:40,neutral
2556,16:05:50,angry
2557,16:06:00,sad
2558,16:06:10,happy
2559,16:06:20,angry
2560,16:06:30,disgust
2561,16:06:40,disgust
2562,16:06:50,disgust
2563,16:07:00,happy
2564,16:07:10,angry
2565,16:07:20,neutral
2566,16:07:30,sad
2567,16:07:40,disgust
2568,16:07:50,neutral
2569,16:08:00,angry
2570,16:08:10,happy
2571,16:08:20,disgust
2572,16:08:30,sad
2573,16:08:40,neutral
2574,16:08:50,happy
2575,16:09:00,sad
2576,16:09:10,angry
2577,16:09:20,disgust
2578,16:09:30,sad
2579,16:09:40,neutral
2580,16:09:50,angry
2581,16:10:00,angry
2582,16:10:10,angry
2583,16:10:20,sad
2584,16:10:30,angry
2585,16:10:40,neutral
2586,16:10:50,happy
2587,16:11:00,neutral
2588,16:11:10,sad
2589,16:11:20,disgust
2590,16:11:30,sad
2591,16:11:40,disgust
2592,16:11:50,happy
2593,16:12:00,sad
2594,16:12:10,angry
2595,16:12:20,disgust
2596,16:12:30,happy
2597,16:12:40,disgust
2598,16:12:50,neutral
2599,16:13:00,angry
2600,16:13:10,happy
2601,16:13:20,neutral
2602,16:13:30,disgust
2603,16:13:40,sad
2604,16:13:50,neutral
2605,16:14:00,happy
2606,16:14:10,disgust
2607,16:14:20,neutral
2608,16:14:30,disgust
2609,16:14:40,disgust
2610,16:14:50,neutral
2611,16:15:00,angry
2612,16:15:10,disgust
2613,16:15:20,disgust
2614,16:15:30,angry
2615,16:15:40,neutral
2616,16:15:50,sad
2617,16:16:00,happy
2618,16:16:10,neutral
2619,16:16:20,disgust
2620,16:16:30,disgust
2621,16:16:40,angry
2622,16:16:50,neutral
2623,16:17:00,happy
2624,16:17:10,sad
2625,16:17:20,neutral
2626,16:17:30,disgust
2627,16:17:40,disgust
2628,16:17:50,happy
2629,16:18:00,happy
2630,16:18:10,sad
2631,16:18:20,sad
2632,16:18:30,neutral
2633,16:18:40,neutral
2634,16:18:50,disgust
2635,16:19:00,angry
2636,16:19:10,happy
2637,16:19:20,angry
2638,16:19:30,happy
2639,16:19:40,happy
2640,16:19:50,neutral
2641,16:20:00,angry
2642,16:20:10,angry
2643,16:20:20,disgust
2644,16:20:30,sad
2645,16:20:40,happy
2646,16:20:50,angry
2647,16:21:00,sad
2648,16:21:10,happy
2649,16:21:20,neutral
2650,16:21:30,disgust
2651,16:21:40,neutral
2652,16:21:50,neutral
2653,16:22:00,angry
2654,16:22:10,neutral
2655,16:22:20,neutral
2656,16:22:30,happy
2657,16:22:40,angry
2658,16:22:50,angry
2659,16:23:00,angry
2660,16:23:10,happy
2661,16:23:20,neutral
2662,16:23:30,happy
2663,16:23:40,neutral
2664,16:23:50,happy
2665,16:24:00,disgust
2666,16:24:10,sad
2667,16:24:20,sad
2668,16:24:30,angry
2669,16:24:40,neutral
2670,16:24:50,disgust
2671,16:25:00,angry
2672,16:25:10,angry
2673,16:25:20,disgust
2674,16:25:30,angry
2675,16:25:40,sad
2676,16:25:50,sad
2677,16:26:00,disgust
2678,16:26:10,sad
2679,16:26:20,happy
2680,16:26:30,happy
2681,16:26:40,sad
2682,16:26:50,sad
2683,16:27:00,angry
2684,16:27:10,disgust
2685,16:27:20,angry
2686,16:27:30,angry
2687,16:27:40,sad
2688,16:27:50,disgust
2689,16:28:00,sad
2690,16:28:10,sad
2691,16:28:20,neutral
2692,16:28:30,neutral
2693,16:28:40,neutral
2694,16:28:50,happy
2695,16:29:00,happy
2696,16:29:10,angry
2697,16:29:20,sad
2698,16:29:30,disgust
2699,16:29:40,happy
2700,16:29:50,happy
2701,16:30:00,happy
2702,16:30:10,sad
2703,16:30:20,neutral
2704,16:30:30,disgust
2705,16:30:40,disgust
2706,16:30:50,sad
2707,16:31:00,disgust
2708,16:31:10,happy
2709,16:31:20,happy
2710,16:31:30,sad
2711,16:31:40,angry
2712,16:31:50,disgust
2713,16:32:00,happy
2714,16:32:10,sad
2715,16:32:20,sad
2716,16:32:30,sad
2717,16:32:40,disgust
2718,16:32:50,happy
2719,16:33:00,sad
2720,16:33:10,angry
2721,16:33:20,sad
2722,16:33:30,neutral
2723,16:33:40,angry
2724,16:33:50,angry
2725,16:34:00,disgust
2726,16:34:10,disgust
2727,16:34:20,sad
2728,16:34:30,disgust
2729,16:34:40,disgust
2730,16:34:50,sad
2731,16:35:00,sad
2732,16:35:10,disgust
2733,16:35:20,disgust
2734,16:35:30,neutral
2735,16:35:40,happy
2736,16:35:50,sad
2737,16:36:00,happy
2738,16:36:10,neutral
2739,16:36:20,sad
2740,16:36:30,neutral
2741,16:36:40,angry
2742,16:36:50,sad
2743,16:37:00,neutral
2744,16:37:10,sad
2745,16:37:20,sad
2746,16:37:30,angry
2747,16:37:40,neutral
2748,16:37:50,happy
2749,16:38:00,disgust
2750,16:38:10,disgust
2751,16:38:20,disgust
2752,16:38:30,happy
2753,16:38:40,sad
2754,16:38:50,happy
2755,16:39:00,happy
2756,16:39:10,happy
2757,16:39:20,happy
2758,16:39:30,neutral
2759,16:39:40,angry
2760,16:39:50,neutral
2761,16:40:00,neutral
2762,16:40:10,happy
2763,16:40:20,happy
2764,16:40:30,disgust
2765,16:40:40,sad
2766,16:40:50,sad
2767,16:41:00,sad
2768,16:41:10,angry
2769,16:41:20,happy
2770,16:41:30,neutral
2771,16:41:40,neutral
2772,16:41:50,sad
2773,16:42:00,neutral
2774,16:42:10,angry
2775,16:42:20,happy
2776,16:42:30,happy
2777,16:42:40,disgust
2778,16:42:50,angry
2779,16:43:00,sad
2780,16:43:10,angry
2781,16:43:20,happy
2782,16:43:30,sad
2783,16:43:40,happy
2784,16:43:50,angry
2785,16:44:00,neutral
2786,16:44:10,neutral
2787,16:44:20,happy
2788,16:44:30,happy
2789,16:44:40,happy
2790,16:44:50,disgust
2791,16:45:00,sad
2792,16:45:10,angry
2793,16:45:20,neutral
2794,16:45:30,sad
2795,16:45:40,disgust
2796,16:45:50,happy
2797,16:46:00,disgust
2798,16:46:10,neutral
2799,16:46:20,angry
2800,16:46:30,neutral
2801,16:46:40,neutral
2802,16:46:50,disgust
2803,16:47:00,happy
2804,16:47:10,neutral
2805,16:47:20,happy
2806,16:47:30,disgust
2807,16:47:40,disgust
2808,16:47:50,disgust
2809,16:48:00,neutral
2810,16:48:10,happy
2811,16:48:20,happy
2812,16:48:30,sad
2813,16:48:40,disgust
2814,16:48:50,happy
2815,16:49:00,neutral
2816,16:49:10,neutral
2817,16:49:20,angry
2818,16:49:30,sad
2819,16:49:40,happy
2820,16:49:50,disgust
2821,16:50:00,disgust
2822,16:50:10,sad
2823,16:50:20,angry
2824,16:50:30,sad
2825,16:50:40,disgust
2826,16:50:50,sad
2827,16:51:00,sad
2828,16:51:10,angry
2829,16:51:20,disgust
2830,16:51:30,happy
2831,16:51:40,disgust
2832,16:51:50,neutral
2833,16:52:00,neutral
2834,16:52:10,disgust
2835,16:52:20,sad
2836,16:52:30,neutral
2837,16:52:40,angry
2838,16:52:50,angry
2839,16:53:00,disgust
2840,16:53:10,sad
2841,16:53:20,disgust
2842,16:53:30,sad
2843,16:53:40,neutral
2844,16:53:50,neutral
2845,16:54:00,happy
2846,16:54:10,sad
2847,16:54:20,angry
2848,16:54:30,sad
2849,16:54:40,angry
2850,16:54:50,sad
2851,16:55:00,sad
2852,16:55:10,happy
2853,16:55:20,neutral
2854,16:55:30,sad
2855,16:55:40,sad
2856,16:55:50,happy
2857,16:56:00,happy
2858,16:56:10,happy
2859,16:56:20,angry
2860,16:56:30,disgust
2861,16:56:40,disgust
2862,16:56:50,happy
2863,16:57:00,happy
2864,16:57:10,disgust
2865,16:57:20,disgust
2866,16:57:30,neutral
2867,16:57:40,sad
2868,16:57:50,neutral
2869,16:58:00,neutral
2870,16:58:10,angry
2871,16:58:20,disgust
2872,16:58:30,happy
2873,16:58:40,angry
2874,16:58:50,happy
2875,16:59:00,neutral
2876,16:59:10,happy
2877,16:59:20,happy
2878,16:59:30,happy
2879,16:59:40,neutral
2880,16:59:50,disgust
2881,17:00:00,sad
2882,17:00:10,disgust
2883,17:00:20,sad
2884,17:00:30,angry
2885,17:00:40,sad
2886,17:00:50,angry
2887,17:01:00,angry
2888,17:01:10,sad
2889,17:01:20,happy
2890,17:01:30,disgust
2891,17:01:40,sad
2892,17:01:50,angry
2893,17:02:00,neutral
2894,17:02:10,happy
2895,17:02:20,disgust
2896,17:02:30,happy
2897,17:02:40,disgust
2898,17:02:50,sad
2899,17:03:00,happy
2900,17:03:10,happy
2901,17:03:20,neutral
2902,17:03:30,angry
2903,17:03:40,disgust
2904,17:03:50,sad
2905,17:04:00,angry
2906,17:04:10,angry
2907,17:04:20,sad
2908,17:04:30,happy
2909,17:04:40,neutral
2910,17:04:50,happy
2911,17:05:00,happy
2912,17:05:10,neutral
2913,17:05:20,angry
2914,17:05:30,happy
2915,17:05:40,neutral
2916,17:05:50,angry
2917,17:06:00,angry
2918,17:06:10,sad
2919,17:06:20,sad
2920,17:06:30,angry
2921,17:06:40,sad
2922,17:06:50,neutral
2923,17:07:00,angry
2924,17:07:10,angry
2925,17:07:20,happy
2926,17:07:30,angry
2927,17:07:40,neutral
2928,17:07:50,sad
2929,17:08:00,sad
2930,17:08:10,angry
2931,17:08:20,angry
2932,17:08:30,disgust
2933,17:08:40,neutral
2934,17:08:50,neutral
2935,17:09:00,happy
2936,17:09:10,disgust
2937,17:09:20,sad
2938,17:09:30,disgust
2939,17:09:40,neutral
2940,17:09:50,disgust
2941,17:10:00,happy
2942,17:10:10,angry
2943,17:10:20,neutral
2944,17:10:30,neutral
2945,17:10:40,disgust
2946,17:10:50,sad
2947,17:11:00,sad
2948,17:11:10,happy
2949,17:11:20,disgust
2950,17:11:30,sad
2951,17:11:40,angry
2952,17:11:50,neutral
2953,17:12:00,disgust
2954,17:12:10,happy
2955,17:12:20,disgust
2956,17:12:30,neutral
2957,17:12:40,happy
2958,17:12:50,sad
2959,17:13:00,happy
2960,17:13:10,happy
2961,17:13:20,disgust
2962,17:13:30,neutral
2963,17:13:40,angry
2964,17:13:50,sad
2965,17:14:00,disgust
2966,17:14:10,disgust
2967,17:14:20,sad
2968,17:14:30,neutral
2969,17:14:40,disgust
2970,17:14:50,sad
2971,17:15:00,happy
2972,17:15:10,angry
2973,17:15:20,sad
2974,17:15:30,disgust
2975,17:15:40,sad
2976,17:15:50,happy
2977,17:16:00,sad
2978,17:16:10,neutral
2979,17:16:20,angry
2980,17:16:30,sad
2981,17:16:40,disgust
2982,17:16:50,disgust
2983,17:17:00,sad
2984,17:17:10,happy
2985,17:17:20,disgust
2986,17:17:30,angry
2987,17:17:40,angry
2988,17:17:50,neutral
2989,17:18:00,disgust
2990,17:18:10,happy
2991,17:18:20,neutral
2992,17:18:30,neutral
2993,17:18:40,sad
2994,17:18:50,angry
2995,17:19:00,disgust
2996,17:19:10,happy
2997,17:19:20,sad
2998,17:19:30,angry
2999,17:19:40,neutral
3000,17:19:50,neutral
3001,17:20:00,happy
3002,17:20:10,neutral
3003,17:20:20,neutral
3004,17:20:30,neutral
3005,17:20:40,sad
3006,17:20:50,sad
3007,17:21:00,happy
3008,17:21:10,disgust
3009,17:21:20,disgust
3010,17:21:30,neutral
3011,17:21:40,sad
3012,17:21:50,sad
3013,17:22:00,neutral
3014,17:22:10,sad
3015,17:22:20,neutral
3016,17:22:30,disgust
3017,17:22:40,angry
3018,17:22:50,happy
3019,17:23:00,neutral
3020,17:23:10,neutral
3021,17:23:20,angry
3022,17:23:30,neutral
3023,17:23:40,angry
3024,17:23:50,sad
3025,17:24:00,disgust
3026,17:24:10,sad
3027,17:24:20,disgust
3028,17:24:30,neutral
3029,17:24:40,happy
3030,17:24:50,neutral
3031,17:25:00,happy
3032,17:25:10,happy
3033,17:25:20,disgust
3034,17:25:30,disgust
3035,17:25:40,happy
3036,17:25:50,angry
3037,17:26:00,sad
3038,17:26:10,disgust
3039,17:26:20,neutral
3040,17:26:30,angry
3041,17:26:40,angry
3042,17:26:50,angry
3043,17:27:00,neutral
3044,17:27:10,disgust
3045,17:27:20,sad
3046,17:27:30,disgust
3047,17:27:40,happy
3048,17:27:50,sad
3049,17:28:00,sad
3050,17:28:10,happy
3051,17:28:20,disgust
3052,17:28:30,sad
3053,17:28:40,happy
3054,17:28:50,happy
3055,17:29:00,angry
3056,17:29:10,neutral
3057,17:29:20,happy
3058,17:29:30,angry
3059,17:29:40,angry
3060,17:29:50,disgust
3061,17:30:00,disgust
3062,17:30:10,sad
3063,17:30:20,neutral
3064,17:30:30,neutral
3065,17:30:40,disgust
3066,17:30:50,happy
3067,17:31:00,neutral
3068,17:31:10,disgust
3069,17:31:20,happy
3070,17:31:30,happy
3071,17:31:40,sad
3072,17:31:50,angry
3073,17:32:00,happy
3074,17:32:10,disgust
3075,17:32:20,disgust
3076,17:32:30,happy
3077,17:32:40,happy
3078,17:32:50,sad
3079,17:33:00,neutral
3080,17:33:10,sad
3081,17:33:20,disgust
3082,17:33:30,disgust
3083,17:33:40,happy
3084,17:33:50,angry
3085,17:34:00,neutral
3086,17:34:10,neutral
3087,17:34:20,neutral
3088,17:34:30,neutral
3089,17:34:40,sad
3090,17:34:50,angry
3091,17:35:00,neutral
3092,17:35:10,sad
3093,17:35:20,sad
3094,17:35:30,sad
3095,17:35:40,neutral
3096,17:35:50,angry
3097,17:36:00,sad
3098,17:36:10,disgust
3099,17:36:20,happy
3100,17:36:30,angry
3101,17:36:40,disgust
3102,17:36:50,happy
3103,17:37:00,sad
3104,17:37:10,sad
3105,17:37:20,angry
3106,17:37:30,disgust
3107,17:37:40,sad
3108,17:37:50,happy
3109,17:38:00,disgust
3110,17:38:10,angry
3111,17:38:20,angry
3112,17:38:30,angry
3113,17:38:40,neutral
3114,17:38:50,sad
3115,17:39:00,sad
3116,17:39:10,disgust
3117,17:39:20,happy
3118,17:39:30,sad
3119,17:39:40,angry
3120,17:39:50,angry
3121,17:40:00,angry
3122,17:40:10,disgust
3123,17:40:20,neutral
3124,17:40:30,neutral
3125,17:40:40,disgust
3126,17:40:50,sad
3127,17:41:00,sad
3128,17:41:10,sad
3129,17:41:20,neutral
3130,17:41:30,happy
3131,17:41:40,happy
3132,17:41:50,neutral
3133,17:42:00,happy
3134,17:42:10,happy
3135,17:42:20,disgust
3136,17:42:30,disgust
3137,17:42:40,neutral
3138,17:42:50,neutral
3139,17:43:00,neutral
3140,17:43:10,disgust
3141,17:43:20,happy
3142,17:43:30,neutral
3143,17:43:40,neutral
3144,17:43:50,angry
3145,17:44:00,neutral
3146,17:44:10,sad
3147,17:44:20,angry
3148,17:44:30,sad
3149,17:44:40,disgust
3150,17:44:50,happy
3151,17:45:00,happy
3152,17:45:10,disgust
3153,17:45:20,angry
3154,17:45:30,disgust
3155,17:45:40,sad
3156,17:45:50,happy
3157,17:46:00,sad
3158,17:46:10,angry
3159,17:46:20,sad
3160,17:46:30,happy
3161,17:46:40,angry
3162,17:46:50,sad
3163,17:47:00,happy
3164,17:47:10,sad
3165,17:47:20,angry
3166,17:47:30,happy
3167,17:47:40,angry
3168,17:47:50,disgust
3169,17:48:00,angry
3170,17:48:10,happy
3171,17:48:20,angry
3172,17:48:30,neutral
3173,17:48:40,disgust
3174,17:48:50,sad
3175,17:49:00,disgust
3176,17:49:10,neutral
3177,17:49:20,neutral
3178,17:49:30,disgust
3179,17:49:40,happy
3180,17:49:50,neutral
3181,17:50:00,happy
3182,17:50:10,sad
3183,17:50:20,happy
3184,17:50:30,disgust
3185,17:50:40,angry
3186,17:50:50,disgust
3187,17:51:00,happy
3188,17:51:10,neutral
3189,17:51:20,neutral
3190,17:51:30,angry
3191,17:51:40,happy
3192,17:51:50,sad
3193,17:52:00,happy
3194,17:52:10,neutral
3195,17:52:20,angry
3196,17:52:30,neutral
3197,17:52:40,sad
3198,17:52:50,disgust
3199,17:53:00,happy
3200,17:53:10,disgust
3201,17:53:20,angry
3202,17:53:30,disgust
3203,17:53:40,happy
3204,17:53:50,angry
3205,17:54:00,sad
3206,17:54:10,happy
3207,17:54:20,happy
3208,17:54:30,sad
3209,17:54:40,sad
3210,17:54:50,neutral
3211,17:55:00,disgust
3212,17:55:10,sad
3213,17:55:20,angry
3214,17:55:30,disgust
3215,17:55:40,disgust
3216,17:55:50,disgust
3217,17:56:00,happy
3218,17:56:10,neutral
3219,17:56:20,sad
3220,17:56:30,neutral
3221,17:56:40,neutral
3222,17:56:50,disgust
3223,17:57:00,sad
3224,17:57:10,angry
3225,17:57:20,sad
3226,17:57:30,sad
3227,17:57:40,angry
3228,17:57:50,neutral
3229,17:58:00,disgust
3230,17:58:10,angry
3231,17:58:20,sad
3232,17:58:30,happy
3233,17:58:40,disgust
3234,17:58:50,neutral
3235,17:59:00,happy
3236,17:59:10,happy
3237,17:59:20,angry
3238,17:59:30,disgust
3239,17:59:40,disgust
3240,17:59:50,disgust
3241,18:00:00,sad
